
[
  {
    "schema": "store1",
    "app": "products",
    "model": "Attribute",
    "csv": "attribute.csv"
  },
  {
    "schema": "store1",
    "app": "products",
    "model": "AttributeValue",
    "csv": "attribute_value.csv",
    "foreign_keys": {
      "attribute": {
        "lookup_field": "name",
        "create_if_missing": true
      }
    }
  },
  {
    "schema": "store1",
    "app": "products",
    "model": "Category",
    "csv": "Categories.csv",
    "foreign_keys": {
      "parent": {
        "lookup_field": "name",
        "create_if_missing": true
      }
    }
  },
  {
    "schema": "store1",
    "app": "products",
    "model": "Brand",
    "csv": "brand.csv"
  },
  {
    "schema": "store1",
    "app": "products",
    "model": "Supplier",
    "csv": "supplier.csv"
  },
  {
    "schema": "store1",
    "app": "products",
    "model": "Manufacturer",
    "csv": "manufacturer.csv"
  },
  {
    "schema": "store1",
    "app": "products",
    "model": "LensCoating",
    "csv": "lens_coating.csv"
  },
  {
    "schema": "store1",
    "app": "products",
    "model": "Product",
    "csv": "product.csv",
    "foreign_keys": {
      "brand": {
        "lookup_field": "name",
        "create_if_missing": true
      },
      "supplier": {
        "lookup_field": "name",
        "create_if_missing": true
      },
      "manufacturer": {
        "lookup_field": "name",
        "create_if_missing": true
      },
      "category": {
        "lookup_field": "name",
        "create_if_missing": true
      }
    }
  },
  {
    "schema": "store1",
    "app": "branches",
    "model": "Branch",
    "csv": "branch.csv"
  },
  {
    "schema": "store1",
    "app": "HRM",
    "model": "Department",
    "csv": "department.csv"
  },
  {
    "schema": "store1",
    "app": "HRM",
    "model": "Employee",
    "csv": "employee.csv",
    "foreign_keys": {
      "user": {
        "related_model": "auth.User",
        "lookup_field": "username",
        "create_if_missing": false
      },
      "department": {
        "lookup_field": "name",
        "create_if_missing": true
      }
    }
  },
  {
    "schema": "store1",
    "app": "auth",
    "model": "User",
    "csv": "Users.csv"
  }
]



